intent,created,examples/0/text,examples/0/created,examples/1/text,examples/1/created,examples/2/text,examples/2/created,examples/3/text,examples/3/created,examples/4/text,examples/4/created,examples/5/text,examples/5/created,examples/6/text,examples/6/created,examples/7/text,examples/7/created,examples/8/text,examples/8/created,examples/9/text,examples/9/created,examples/10/text,examples/10/created,examples/11/text,examples/11/created,examples/12/text,examples/12/created,examples/13/text,examples/13/created,examples/14/text,examples/14/created,examples/15/text,examples/15/created,examples/16/text,examples/16/created,examples/17/text,examples/17/created,examples/18/text,examples/18/created,description,examples/19/text,examples/19/created,examples/20/text,examples/20/created,examples/21/text,examples/21/created,examples/22/text,examples/22/created,examples/23/text,examples/23/created,examples/24/text,examples/24/created,examples/25/text,examples/25/created,examples/26/text,examples/26/created,examples/27/text,examples/27/created,examples/28/text,examples/28/created,examples/29/text,examples/29/created,examples/30/text,examples/30/created,examples/31/text,examples/31/created,examples/32/text,examples/32/created,examples/33/text,examples/33/created,examples/34/text,examples/34/created,examples/35/text,examples/35/created,examples/36/text,examples/36/created,examples/37/text,examples/37/created,examples/38/text,examples/38/created,examples/39/text,examples/39/created,examples/40/text,examples/40/created,examples/41/text,examples/41/created,examples/42/text,examples/42/created,examples/43/text,examples/43/created,examples/44/text,examples/44/created,examples/45/text,examples/45/created,examples/46/text,examples/46/created,examples/47/text,examples/47/created,examples/48/text,examples/48/created,examples/49/text,examples/49/created,examples/50/text,examples/50/created,examples/51/text,examples/51/created,examples/52/text,examples/52/created,examples/53/text,examples/53/created,examples/54/text,examples/54/created,examples/55/text,examples/55/created,examples/56/text,examples/56/created,examples/57/text,examples/57/created,examples/58/text,examples/58/created,examples/59/text,examples/59/created,examples/60/text,examples/60/created,examples/61/text,examples/61/created,examples/62/text,examples/62/created,examples/63/text,examples/63/created,examples/64/text,examples/64/created,examples/65/text,examples/65/created,examples/66/text,examples/66/created,examples/67/text,examples/67/created,examples/68/text,examples/68/created,examples/69/text,examples/69/created,examples/70/text,examples/70/created,examples/71/text,examples/71/created,examples/72/text,examples/72/created,examples/73/text,examples/73/created,examples/74/text,examples/74/created,examples/75/text,examples/75/created,examples/76/text,examples/76/created,examples/77/text,examples/77/created,examples/78/text,examples/78/created,examples/79/text,examples/79/created,examples/80/text,examples/80/created,examples/81/text,examples/81/created,examples/82/text,examples/82/created,examples/83/text,examples/83/created,examples/84/text,examples/84/created,examples/85/text,examples/85/created,examples/86/text,examples/86/created,examples/87/text,examples/87/created,examples/88/text,examples/88/created,examples/89/text,examples/89/created,examples/90/text,examples/90/created,examples/91/text,examples/91/created,examples/92/text,examples/92/created,examples/93/text,examples/93/created,examples/94/text,examples/94/created,examples/95/text,examples/95/created,examples/96/text,examples/96/created,examples/97/text,examples/97/created,examples/98/text,examples/98/created,examples/99/text,examples/99/created,examples/100/text,examples/100/created,examples/101/text,examples/101/created,examples/102/text,examples/102/created,examples/103/text,examples/103/created,examples/104/text,examples/104/created,examples/105/text,examples/105/created,examples/106/text,examples/106/created,examples/107/text,examples/107/created,examples/108/text,examples/108/created,examples/109/text,examples/109/created,examples/110/text,examples/110/created,examples/111/text,examples/111/created,examples/112/text,examples/112/created,examples/113/text,examples/113/created,examples/114/text,examples/114/created,examples/115/text,examples/115/created,examples/116/text,examples/116/created,examples/117/text,examples/117/created,examples/118/text,examples/118/created,examples/119/text,examples/119/created,examples/120/text,examples/120/created,examples/121/text,examples/121/created,examples/122/text,examples/122/created,examples/123/text,examples/123/created,examples/124/text,examples/124/created,examples/125/text,examples/125/created,examples/126/text,examples/126/created,examples/127/text,examples/127/created
capabilities,2016-07-22T04:55:54.661Z,can I manipulate the,2016-07-22T04:55:54.661Z,help,2016-07-22T04:55:54.661Z,help me,2016-07-22T04:55:54.661Z,How are you going to help me,2016-07-22T04:55:54.661Z,how can you help me,2016-07-22T04:55:54.661Z,need help,2016-07-22T04:55:54.661Z,tell me what things you can do,2016-07-22T04:55:54.661Z,tell me what you can do,2016-07-22T04:55:54.661Z,What are you,2016-07-22T04:55:54.661Z,what are you capable of,2016-07-22T04:55:54.661Z,what are your capabilities Watson,2016-07-22T04:55:54.661Z,what can I do,2016-07-22T04:55:54.661Z,What can i say,2016-07-22T04:55:54.661Z,what can you do,2016-07-22T04:55:54.661Z,what can you do for me,2016-07-22T04:55:54.661Z,what can you help me with,2016-07-22T04:55:54.661Z,what do you know,2016-07-22T04:55:54.661Z,what else,2016-07-22T04:55:54.661Z,what things can you do,2016-07-22T04:55:54.661Z,,,,,,,,,,,,,,,,,,,,,,,,,,,,,,,,,,,,,,,,,,,,,,,,,,,,,,,,,,,,,,,,,,,,,,,,,,,,,,,,,,,,,,,,,,,,,,,,,,,,,,,,,,,,,,,,,,,,,,,,,,,,,,,,,,,,,,,,,,,,,,,,,,,,,,,,,,,,,,,,,,,,,,,,,,,,,,,,,,,,,,,,,,,,,,,,,,,,,,,,,,,,,,,,,,,,,,,,,,,
goodbyes,2016-07-22T04:55:54.661Z,adieu,2016-07-22T04:55:54.661Z,adios,2016-07-22T04:55:54.661Z,au revoir,2016-07-22T04:55:54.661Z,bye,2016-07-22T04:55:54.661Z,bye bye,2016-07-22T04:55:54.661Z,bye now,2016-07-22T04:55:54.661Z,cya,2016-07-22T04:55:54.661Z,farewell,2016-07-22T04:55:54.661Z,go,2016-07-22T04:55:54.661Z,goodbye,2016-07-22T04:55:54.661Z,good bye,2016-07-22T04:55:54.661Z,good day,2016-07-22T04:55:54.661Z,good night,2016-07-22T04:55:54.661Z,gotta go,2016-07-22T04:55:54.661Z,gotta run,2016-07-22T04:55:54.661Z,gtg,2016-07-22T04:55:54.661Z,I'm leaving,2016-07-22T04:55:54.661Z,later,2016-07-22T04:55:54.661Z,laters,2016-07-22T04:55:54.661Z,,leave,2016-07-22T04:55:54.661Z,logging off,2016-07-22T04:55:54.661Z,my time is up,2016-07-22T04:55:54.661Z,ok bye,2016-07-22T04:55:54.661Z,out of time,2016-07-22T04:55:54.661Z,over and out,2016-07-22T04:55:54.661Z,run,2016-07-22T04:55:54.661Z,see ya,2016-07-22T04:55:54.661Z,see ya later,2016-07-22T04:55:54.661Z,see ya soon,2016-07-22T04:55:54.661Z,see you,2016-07-22T04:55:54.661Z,should be going,2016-07-22T04:55:54.661Z,should go,2016-07-22T04:55:54.661Z,signing off,2016-07-22T04:55:54.661Z,signing out,2016-07-22T04:55:54.661Z,so long,2016-07-22T04:55:54.661Z,soon,2016-07-22T04:55:54.661Z,thanks watson,2016-07-22T04:55:54.661Z,thank you,2016-07-22T04:55:54.661Z,then bye,2016-07-22T04:55:54.661Z,toodles,2016-07-22T04:55:54.661Z,,,,,,,,,,,,,,,,,,,,,,,,,,,,,,,,,,,,,,,,,,,,,,,,,,,,,,,,,,,,,,,,,,,,,,,,,,,,,,,,,,,,,,,,,,,,,,,,,,,,,,,,,,,,,,,,,,,,,,,,,,,,,,,,,,,,,,,,,,,,,,,,,,,,,,,,,,,,,,,,,,,,,,,,,,,,,,,,
greetings,2016-07-22T04:55:54.661Z,aloha,2016-07-22T04:55:54.661Z,bad,2016-07-22T04:55:54.661Z,bonjour,2016-07-22T04:55:54.661Z,buenos dias,2016-07-22T04:55:54.661Z,ciao,2016-07-22T04:55:54.661Z,feeling bit low,2016-07-22T04:55:54.661Z,g'day,2016-07-22T04:55:54.661Z,good,2016-07-22T04:55:54.661Z,good day,2016-07-22T04:55:54.661Z,good evening,2016-07-22T04:55:54.661Z,good how are you,2016-07-22T04:55:54.661Z,good morning,2016-07-22T04:55:54.661Z,greetings,2016-07-22T04:55:54.661Z,Hello,2016-07-22T04:55:54.661Z,"Hello, how are you",2016-07-22T04:55:54.661Z,Hello Watson,2016-07-22T04:55:54.661Z,hey,2016-07-22T04:55:54.661Z,heya,2016-07-22T04:55:54.661Z,hey there,2016-07-22T04:55:54.661Z,,hi,2016-07-22T04:55:54.661Z,hi how are u,2016-07-22T04:55:54.661Z,hi there,2016-07-22T04:55:54.661Z,Hi watson,2016-07-22T04:55:54.661Z,hiya,2016-07-22T04:55:54.661Z,Hola,2016-07-22T04:55:54.661Z,hola como estas,2016-07-22T04:55:54.661Z,How are you doing,2016-07-22T04:55:54.661Z,howdy,2016-07-22T04:55:54.661Z,I am not feeling good,2016-07-22T04:55:54.661Z,I'm feeling good thanks,2016-07-22T04:55:54.661Z,Its not that good,2016-07-22T04:55:54.661Z,namaste,2016-07-22T04:55:54.661Z,What's up,2016-07-28T17:21:43.460Z,yello,2016-07-22T04:55:54.661Z,yo,2016-07-22T04:55:54.661Z,,,,,,,,,,,,,,,,,,,,,,,,,,,,,,,,,,,,,,,,,,,,,,,,,,,,,,,,,,,,,,,,,,,,,,,,,,,,,,,,,,,,,,,,,,,,,,,,,,,,,,,,,,,,,,,,,,,,,,,,,,,,,,,,,,,,,,,,,,,,,,,,,,,,,,,,,,,,,,,,,,,,,,,,,,,,,,,,,,,,,,,,,,
locate_amenity,2016-07-22T04:55:54.661Z,Amenities,2016-07-22T04:55:54.661Z,can you find a good place to,2016-07-22T04:55:54.661Z,can you find me a,2016-07-22T04:55:54.661Z,can you find the nearest for me,2016-07-22T04:55:54.661Z,can you locate a,2016-07-22T04:55:54.661Z,drive to the,2016-07-22T04:55:54.661Z,find a,2016-07-22T04:55:54.661Z,Find best option,2016-07-22T04:55:54.661Z,find me a,2016-07-22T04:55:54.661Z,gas,2016-07-22T04:55:54.661Z,get me directions,2016-07-22T04:55:54.661Z,go to a,2016-07-22T04:55:54.661Z,go to the closest,2016-07-22T04:55:54.661Z,I am hungry,2016-07-22T04:55:54.661Z,I'd like to get something to eat,2016-07-22T04:55:54.661Z,i'm hungry,2016-07-22T04:55:54.661Z,im hungry I want to eat something,2016-07-22T04:55:54.661Z,i need some coffee,2016-07-22T04:55:54.661Z,i need to stop for,2016-07-22T04:55:54.661Z,,Information on locations near me,2016-07-22T04:55:54.661Z,I want to stop for some food,2016-07-22T04:55:54.661Z,let's get some grub,2016-07-22T04:55:54.661Z,locate ammenity,2016-07-22T04:55:54.661Z,Navigation,2016-07-22T04:55:54.661Z,nearby restaurant,2016-07-22T04:55:54.661Z,order a pizza,2016-07-22T04:55:54.661Z,pizza,2016-07-22T04:55:54.661Z,restaurant,2016-07-22T04:55:54.661Z,restaurants,2016-07-22T04:55:54.661Z,restroom,2016-07-22T04:55:54.661Z,show me the best path,2016-07-22T04:55:54.661Z,Stop for food/coffee,2016-07-22T04:55:54.661Z,take me to,2016-07-22T04:55:54.661Z,what is closeby,2016-07-22T04:55:54.661Z,what is near,2016-07-22T04:55:54.661Z,what is nearby,2016-07-22T04:55:54.661Z,what is near me,2016-07-22T04:55:54.661Z,what's closeby,2016-07-22T04:55:54.661Z,what's close to me,2016-07-22T04:55:54.661Z,what's near,2016-07-22T04:55:54.661Z,what's nearby Watson,2016-07-22T04:55:54.661Z,where are the closest restrooms,2016-07-22T04:55:54.661Z,where can i drink,2016-07-22T04:55:54.661Z,where can i eat pizza,2016-07-22T04:55:54.661Z,where can i have pizza,2016-07-22T04:55:54.661Z,where is a,2016-07-22T04:55:54.661Z,where is ATM,2016-07-22T04:55:54.661Z,where is the,2016-07-22T04:55:54.661Z,where's the nearest exit,2016-07-22T04:55:54.661Z,,,,,,,,,,,,,,,,,,,,,,,,,,,,,,,,,,,,,,,,,,,,,,,,,,,,,,,,,,,,,,,,,,,,,,,,,,,,,,,,,,,,,,,,,,,,,,,,,,,,,,,,,,,,,,,,,,,,,,,,,,,,,,,,,,,,,,,,,,,,,,,,,,,,,,,,,,,,,,
not_specified,2016-07-29T20:30:11.591Z,any,2016-07-29T20:30:11.591Z,anything,2016-07-29T20:30:11.591Z,doesn't matter,2016-07-29T20:30:11.591Z,no preference,2016-07-29T20:30:11.591Z,whatever,2016-07-29T20:30:11.591Z,you decide,2016-07-29T20:30:11.591Z,your favorite,2016-07-29T20:30:11.591Z,,,,,,,,,,,,,,,,,,,,,,,,,,,,,,,,,,,,,,,,,,,,,,,,,,,,,,,,,,,,,,,,,,,,,,,,,,,,,,,,,,,,,,,,,,,,,,,,,,,,,,,,,,,,,,,,,,,,,,,,,,,,,,,,,,,,,,,,,,,,,,,,,,,,,,,,,,,,,,,,,,,,,,,,,,,,,,,,,,,,,,,,,,,,,,,,,,,,,,,,,,,,,,,,,,,,,,,,,,,,,,,,,,,,,,,,,,,,,,,,,,,
off_topic,2016-07-22T04:55:54.661Z,aho,2016-07-22T04:55:54.661Z,asdasdasda,2016-07-22T04:55:54.661Z,asdasidjiwe,2016-07-22T04:55:54.661Z,book a flight for NY on sunday,2016-07-22T04:55:54.661Z,carrot,2016-07-22T04:55:54.661Z,cats are my favorite animal,2016-07-22T04:55:54.661Z,cold,2016-07-22T04:55:54.661Z,cool,2016-07-22T04:55:54.661Z,culd,2016-07-22T04:55:54.661Z,deploy airbags,2016-07-22T04:55:54.661Z,dfddfg,2016-07-22T04:55:54.661Z,don't you know any jokes,2016-07-22T04:55:54.661Z,do you hate,2016-07-22T04:55:54.661Z,Do you like,2016-07-22T04:55:54.661Z,do you love,2016-07-22T04:55:54.661Z,fdsafsaHi watson,2016-07-22T04:55:54.661Z,funny,2016-07-22T04:55:54.661Z,go fast,2016-07-22T04:55:54.661Z,go slow,2016-07-22T04:55:54.661Z,,hot,2016-07-22T04:55:54.661Z,how close is,2016-07-22T04:55:54.661Z,how far is,2016-07-22T04:55:54.661Z,how far is the moon,2016-07-22T04:55:54.661Z,how far to,2016-07-22T04:55:54.661Z,how many licks does it take to get to the center of a tootsie roll,2016-07-22T04:55:54.661Z,how much do you weigh,2016-07-22T04:55:54.661Z,how old are you,2016-07-22T04:55:54.661Z,how tall are you,2016-07-22T04:55:54.661Z,huhu,2016-07-22T04:55:54.661Z,I'd like to have dinner with you,2016-07-22T04:55:54.661Z,I enjoy petting cats,2016-07-22T04:55:54.661Z,I love dolphins,2016-07-22T04:55:54.661Z,I love spicy food,2016-07-22T04:55:54.661Z,i need a new wheelchair,2016-07-22T04:55:54.661Z,I need to shut it down,2016-07-22T04:55:54.661Z,it's too dark,2016-07-22T04:55:54.661Z,i want jokes,2016-07-22T04:55:54.661Z,I want to date you,2016-07-22T04:55:54.661Z,I want to eat tacos everyday,2016-07-22T04:55:54.661Z,i want to see how this demo works,2016-07-22T04:55:54.661Z,I want to talk,2016-07-22T04:55:54.661Z,know any jokes,2016-07-22T04:55:54.661Z,lgiths,2016-07-22T04:55:54.661Z,lgits,2016-07-22T04:55:54.661Z,make me a sandwich,2016-07-22T04:55:54.661Z,near,2016-07-22T04:55:54.661Z,nope,2016-07-22T04:55:54.661Z,Nuts,2016-07-22T04:55:54.661Z,"ok watson, why should I use you",2016-07-22T04:55:54.661Z,open door,2016-07-22T04:55:54.661Z,please open the sunroof,2016-07-29T18:03:33.275Z,poop,2016-07-22T04:55:54.661Z,Post-it notes taste terrible.,2016-07-22T04:55:54.661Z,repair my car,2016-07-22T04:55:54.661Z,roll down windows,2016-07-22T04:55:54.661Z,shutdown,2016-07-22T04:55:54.661Z,shut down,2016-07-22T04:55:54.661Z,sup,2016-07-22T04:55:54.661Z,"system error, unable to lonin",2016-07-22T04:55:54.661Z,tell me a joke,2016-07-22T04:55:54.661Z,tell me joke,2016-07-22T04:55:54.661Z,tell me jokes,2016-07-22T04:55:54.661Z,tell me some jokes,2016-07-22T04:55:54.661Z,tell me your favorite color,2016-07-22T04:55:54.661Z,tell me your favorite foods,2016-07-22T04:55:54.661Z,test,2016-07-22T04:55:54.661Z,testing om,2016-07-22T04:55:54.661Z,This is awesome,2016-07-22T04:55:54.661Z,This is good,2016-07-22T04:55:54.661Z,Turn left,2016-07-22T04:55:54.661Z,what is my speed,2016-07-22T04:55:54.661Z,what is your name,2016-07-22T04:55:54.661Z,what kind of food do you eat,2016-07-22T04:55:54.661Z,What's the speed,2016-07-22T04:55:54.661Z,whats the square root of 70,2016-07-22T04:55:54.661Z,what's the time,2016-07-29T20:43:10.992Z,what's up,2016-07-22T04:55:54.661Z,what's your,2016-07-22T04:55:54.661Z,what's your favorite,2016-07-22T04:55:54.661Z,whats your favorite color,2016-07-22T04:55:54.661Z,whats your favorite movie,2016-07-22T04:55:54.661Z,what's your name,2016-07-22T04:55:54.661Z,whats your name,2016-07-22T04:55:54.661Z,what time is it,2016-07-22T04:55:54.661Z,what types of food do you like,2016-07-22T04:55:54.661Z,when will it be funny,2016-07-22T04:55:54.661Z,Where are we,2016-07-22T04:55:54.661Z,where is the poop deck on this ship,2016-07-22T04:55:54.661Z,where should I turn,2016-07-22T04:55:54.661Z,which color is best for wedding,2016-07-22T04:55:54.661Z,why,2016-07-22T04:55:54.661Z,why is the sky blue,2016-07-22T04:55:54.661Z,yeah,2016-07-22T04:55:54.661Z,yes,2016-07-22T04:55:54.661Z,Yolo,2016-07-22T04:55:54.661Z,you are funny,2016-07-22T04:55:54.661Z,You're asking me too much,2016-07-22T04:55:54.661Z,,,,,,,,,,,,,,,,,,,,,,,,,,,,,,,,,,,,,,,,,,,,,,,,,,,,,,,,,,,,,,
out_of_scope,2016-07-22T04:55:54.661Z,bluetooth,2016-07-22T04:55:54.661Z,Can I play music through bluetooth from my phone,2016-07-22T04:55:54.661Z,change bulb,2016-07-22T04:55:54.661Z,changing gears,2016-07-22T04:55:54.661Z,changing the light bulb,2016-07-22T04:55:54.661Z,checking the engine oil,2016-07-22T04:55:54.661Z,coolant level,2016-07-22T04:55:54.661Z,fuel tank flap,2016-07-22T04:55:54.661Z,how can i change oil,2016-07-22T04:55:54.661Z,how can i connect the phone,2016-07-22T04:55:54.661Z,how can i find current level of oil,2016-07-22T04:55:54.661Z,how can i lock the car,2016-07-22T04:55:54.661Z,how can i replace light bulb,2016-07-22T04:55:54.661Z,how do i adjust exterior mirrors,2016-07-22T04:55:54.661Z,how do i adjust head restraint,2016-07-22T04:55:54.661Z,how do i adjust the cruise control speed,2016-07-22T04:55:54.661Z,how do i adjust the mirror,2016-07-22T04:55:54.661Z,how do i adjust the mirror inside,2016-07-22T04:55:54.661Z,how do i adjust the rear view mirror,2016-07-22T04:55:54.661Z,,how do i adjust the vehicle distance,2016-07-22T04:55:54.661Z,how do i arm the alarm,2016-07-22T04:55:54.661Z,how do i browse the tracks on the iPod,2016-07-22T04:55:54.661Z,how do i cancel cruise control,2016-07-22T04:55:54.661Z,how do i change oil,2016-07-22T04:55:54.661Z,how do i change the headlight bulbs,2016-07-22T04:55:54.661Z,how do i change the lights bulb,2016-07-22T04:55:54.661Z,how do i change the oil,2016-07-22T04:55:54.661Z,how do i clean the vehicle,2016-07-22T04:55:54.661Z,how do i close the window,2016-07-22T04:55:54.661Z,how do i connect my phone,2016-07-22T04:55:54.661Z,how do i connect USB device,2016-07-22T04:55:54.661Z,how do i control a phone,2016-07-22T04:55:54.661Z,how do i disable the vehicle stability control,2016-07-22T04:55:54.661Z,how do i fill in the engine oil,2016-07-22T04:55:54.661Z,how do i find the fuel consumption,2016-07-22T04:55:54.661Z,how do i lock the window,2016-07-22T04:55:54.661Z,how do i lock the windows,2016-07-22T04:55:54.661Z,how do i lock the windows to prevent children from opening,2016-07-22T04:55:54.661Z,how do i open the doors,2016-07-22T04:55:54.661Z,how do i open the fuel filler flap,2016-07-22T04:55:54.661Z,how do i open the power windows,2016-07-22T04:55:54.661Z,how do i open the rear window,2016-07-22T04:55:54.661Z,how do i open the side window,2016-07-22T04:55:54.661Z,how do i open the tank fuel,2016-07-22T04:55:54.661Z,how do i open the window,2016-07-22T04:55:54.661Z,How do I pair my android phone to the radio,2016-07-22T04:55:54.661Z,How do I pair my iPhone to the radio,2016-07-22T04:55:54.661Z,how do i pause song in my iPod,2016-07-22T04:55:54.661Z,how do i play an iPod,2016-07-22T04:55:54.661Z,how do i play the track on the iPod,2016-07-22T04:55:54.661Z,How do I program my radio stations,2016-07-22T04:55:54.661Z,how do i refill the engine oil,2016-07-22T04:55:54.661Z,how do i resume cruise control,2016-07-22T04:55:54.661Z,how do i resume the cruise speed,2016-07-22T04:55:54.661Z,how do i resume the vehicle speed,2016-07-22T04:55:54.661Z,how do i save my favourite radio station,2016-07-22T04:55:54.661Z,how do i save the seat position,2016-07-22T04:55:54.661Z,how do i scroll the screen,2016-07-22T04:55:54.661Z,how do i select a desired track on the iPod,2016-07-22T04:55:54.661Z,how do i select the song on the iPod,2016-07-22T04:55:54.661Z,how do i set the adaptive cruise control speed,2016-07-22T04:55:54.661Z,how do i set the cruise speed,2016-07-22T04:55:54.661Z,how do i set the vehicle speed,2016-07-22T04:55:54.661Z,how do i switch on the cruise control,2016-07-22T04:55:54.661Z,how do i tune the radio,2016-07-22T04:55:54.661Z,how do i turn off ambient lights,2016-07-22T04:55:54.661Z,how do i turn off the alarm,2016-07-22T04:55:54.661Z,how do i turn off the cruise control,2016-07-22T04:55:54.661Z,how do i turn off the high beams,2016-07-22T04:55:54.661Z,how do i turn off the traction control,2016-07-22T04:55:54.661Z,how do i turn off voice guidance,2016-07-22T04:55:54.661Z,how do i turn on adaptive cruise control,2016-07-22T04:55:54.661Z,how do i turn on ambient lights,2016-07-22T04:55:54.661Z,how do i turn on cruise control,2016-07-22T04:55:54.661Z,how do i turn on front seat heating,2016-07-22T04:55:54.661Z,how do i turn on headlamps,2016-07-22T04:55:54.661Z,how do i turn on high beams,2016-07-22T04:55:54.661Z,how do i turn on the alarm,2016-07-22T04:55:54.661Z,how do i turn on the cruise control,2016-07-22T04:55:54.661Z,how do i turn on the fog lamps,2016-07-22T04:55:54.661Z,How do I turn on the high-beams,2016-07-22T04:55:54.661Z,how do i turn on the pre collision system,2016-07-22T04:55:54.661Z,how do i turn on the traction control,2016-07-22T04:55:54.661Z,how do i turn on traffic info,2016-07-22T04:55:54.661Z,how do i turn on windscreen washer,2016-07-22T04:55:54.661Z,how do i unlock the windows,2016-07-22T04:55:54.661Z,How do I use cruise control,2016-07-22T04:55:54.661Z,how do i use the blind spot monitor,2016-07-22T04:55:54.661Z,how do i use the electric power steering,2016-07-22T04:55:54.661Z,how do i use the iPod,2016-07-22T04:55:54.661Z,how do i use the pre collision system,2016-07-22T04:55:54.661Z,how do i use the traction control,2016-07-22T04:55:54.661Z,how do i wash the car,2016-07-22T04:55:54.661Z,How frequently should I change the oil,2016-07-22T04:55:54.661Z,how often should i change the oil,2016-07-22T04:55:54.661Z,how to adjust the vehicle to vehicle distance,2016-07-22T04:55:54.661Z,how to change engine oil,2016-07-22T04:55:54.661Z,how to change oil,2016-07-22T04:55:54.661Z,how to change the oil,2016-07-22T04:55:54.661Z,How to connect bluetooth,2016-07-22T04:55:54.661Z,how to replace light bulbs,2016-07-22T04:55:54.661Z,how to switch on the fog lights,2016-07-22T04:55:54.661Z,how to turn on warning lights,2016-07-22T04:55:54.661Z,Is there a lane change assist feature,2016-07-22T04:55:54.661Z,Is there an automatic parallel park feature,2016-07-22T04:55:54.661Z,Is there a warning light for low washer fluid,2016-07-22T04:55:54.661Z,light bulbs replacement,2016-07-22T04:55:54.661Z,opening the windows,2016-07-22T04:55:54.661Z,operating the radio,2016-07-22T04:55:54.661Z,parking brake,2016-07-22T04:55:54.661Z,refilling the engine coolant,2016-07-22T04:55:54.661Z,show me how to change the light bulbs,2016-07-22T04:55:54.661Z,switch on fog light,2016-07-22T04:55:54.661Z,turn off traffic info,2016-07-22T04:55:54.661Z,what are the crash ratings,2016-07-22T04:55:54.661Z,what is the pre collision system,2016-07-22T04:55:54.661Z,what is the traction control,2016-07-22T04:55:54.661Z,what is the vehicle stability control,2016-07-22T04:55:54.661Z,what kind of fuel does the car require,2016-07-22T04:55:54.661Z,what kind of fuel should i use,2016-07-22T04:55:54.661Z,What PSI do I inflate the spare tire to,2016-07-22T04:55:54.661Z,what's the tires pressure,2016-07-22T04:55:54.661Z,what type of oil do i need,2016-07-22T04:55:54.661Z,where are fog lights,2016-07-22T04:55:54.661Z,where are the lights,2016-07-22T04:55:54.661Z,where can i start air conditioning,2016-07-22T04:55:54.661Z,Where is the fuse box,2016-07-22T04:55:54.661Z,Where is the fuse box located,2016-07-22T04:55:54.661Z
phone,2016-07-22T04:55:54.661Z,answer the phone,2016-07-22T04:55:54.661Z,call dad,2016-07-22T04:55:54.661Z,call on the telephone,2016-07-22T04:55:54.661Z,dial Home,2016-07-22T04:55:54.661Z,do you have a phone,2016-07-22T04:55:54.661Z,I'd like to call my mom,2016-07-22T04:55:54.661Z,I'd like to make a call,2016-07-22T04:55:54.661Z,I want to text my father,2016-07-22T04:55:54.661Z,I would like to call someone on the phone,2016-07-22T04:55:54.661Z,make a phone call,2016-07-22T04:55:54.661Z,smartphone,2016-07-22T04:55:54.661Z,text mom,2016-07-22T04:55:54.661Z,text someone,2016-07-22T04:55:54.661Z,use the phone,2016-07-22T04:55:54.661Z,What's your phone number,2016-07-22T04:55:54.661Z,,,,,,,,,,,,,,,,,,,,,,,,,,,,,,,,,,,,,,,,,,,,,,,,,,,,,,,,,,,,,,,,,,,,,,,,,,,,,,,,,,,,,,,,,,,,,,,,,,,,,,,,,,,,,,,,,,,,,,,,,,,,,,,,,,,,,,,,,,,,,,,,,,,,,,,,,,,,,,,,,,,,,,,,,,,,,,,,,,,,,,,,,,,,,,,,,,,,,,,,,,,,,,,,,,,,,,,,,,,,,,,,,,,
traffic_update,2016-07-22T04:55:54.661Z,are there any accidents ahead,2016-07-22T04:55:54.661Z,Are there any jams,2016-07-22T04:55:54.661Z,Estimated time left,2016-07-22T04:55:54.661Z,estimated time of arrival,2016-07-22T04:55:54.661Z,ETA,2016-07-22T04:55:54.661Z,give me traffic updates,2016-07-22T04:55:54.661Z,how far,2016-07-22T04:55:54.661Z,how is traffic looking this evening,2016-07-22T04:55:54.661Z,how long it would take me get home,2016-07-22T04:55:54.661Z,how long until I arrive,2016-07-22T04:55:54.661Z,How long will it take to get there,2016-07-22T04:55:54.661Z,How's the traffic,2016-07-22T04:55:54.661Z,how's the traffic today,2016-07-22T04:55:54.661Z,how's traffic,2016-07-22T04:55:54.661Z,hows traffic,2016-07-22T04:55:54.661Z,hows traffic looking,2016-07-22T04:55:54.661Z,is the highway busy,2016-07-22T04:55:54.661Z,is there an accident ahead,2016-07-22T04:55:54.661Z,jam,2016-07-22T04:55:54.661Z,,traffic conditions,2016-07-22T04:55:54.661Z,traffic conditions on 85,2016-07-22T04:55:54.661Z,whats my ETA,2016-07-22T04:55:54.661Z,what's the Estimated Time of Arrival,2016-07-22T04:55:54.661Z,whats the traffic like on 101,2016-07-22T04:55:54.661Z,when do we arrive,2016-07-22T04:55:54.661Z,when rain there is lot of trafic jams,2016-07-22T04:55:54.661Z,when will we arrive,2016-07-22T04:55:54.661Z,,,,,,,,,,,,,,,,,,,,,,,,,,,,,,,,,,,,,,,,,,,,,,,,,,,,,,,,,,,,,,,,,,,,,,,,,,,,,,,,,,,,,,,,,,,,,,,,,,,,,,,,,,,,,,,,,,,,,,,,,,,,,,,,,,,,,,,,,,,,,,,,,,,,,,,,,,,,,,,,,,,,,,,,,,,,,,,,,,,,,,,,,,,,,,,,,,,,,,,,,,
turn_down,2016-07-22T04:55:54.661Z,decrease the,2016-07-22T04:55:54.661Z,down,2016-07-22T04:55:54.661Z,I need you to turn my down,2016-07-22T04:55:54.661Z,lessen the,2016-07-22T04:55:54.661Z,lower the,2016-07-22T04:55:54.661Z,please turn the down,2016-07-22T04:55:54.661Z,reduce the,2016-07-22T04:55:54.661Z,set to low,2016-07-22T04:55:54.661Z,the needs to be turned down,2016-07-22T04:55:54.661Z,turn down the,2016-07-22T04:55:54.661Z,turn it down,2016-07-22T04:55:54.661Z,turn my down,2016-07-22T04:55:54.661Z,turn on low,2016-07-28T21:13:04.342Z,turn the down,2016-07-22T04:55:54.661Z,turn the down for me,2016-07-22T04:55:54.661Z,turn this down,2016-07-22T04:55:54.661Z,,,,,,,,,,,,,,,,,,,,,,,,,,,,,,,,,,,,,,,,,,,,,,,,,,,,,,,,,,,,,,,,,,,,,,,,,,,,,,,,,,,,,,,,,,,,,,,,,,,,,,,,,,,,,,,,,,,,,,,,,,,,,,,,,,,,,,,,,,,,,,,,,,,,,,,,,,,,,,,,,,,,,,,,,,,,,,,,,,,,,,,,,,,,,,,,,,,,,,,,,,,,,,,,,,,,,,,,,,,,,,,,,
turn_off,2016-07-22T04:55:54.661Z,cancel,2016-07-22T04:55:54.661Z,can I turn off the,2016-07-22T04:55:54.661Z,close,2016-07-22T04:55:54.661Z,I don't need the anymore,2016-07-22T04:55:54.661Z,I need my off,2016-07-22T04:55:54.661Z,I want the off,2016-07-22T04:55:54.661Z,no more,2016-07-22T04:55:54.661Z,off,2016-07-22T04:55:54.661Z,power off,2016-07-22T04:55:54.661Z,shut,2016-07-22T04:55:54.661Z,shut off,2016-07-22T04:55:54.661Z,stop,2016-07-22T04:55:54.661Z,stop the,2016-07-22T04:55:54.661Z,switch it off,2016-07-22T04:55:54.661Z,switch off,2016-07-22T04:55:54.661Z,switch off please,2016-07-22T04:55:54.661Z,switch off the,2016-07-22T04:55:54.661Z,turn off,2016-07-22T04:55:54.661Z,Turn off my,2016-07-22T04:55:54.661Z,,turn off my please,2016-07-22T04:55:54.661Z,turn off the for me,2016-07-22T04:55:54.661Z,turn off the please,2016-07-22T04:55:54.661Z,turn the off,2016-07-22T04:55:54.661Z,will you turn my off please,2016-07-22T04:55:54.661Z,,,,,,,,,,,,,,,,,,,,,,,,,,,,,,,,,,,,,,,,,,,,,,,,,,,,,,,,,,,,,,,,,,,,,,,,,,,,,,,,,,,,,,,,,,,,,,,,,,,,,,,,,,,,,,,,,,,,,,,,,,,,,,,,,,,,,,,,,,,,,,,,,,,,,,,,,,,,,,,,,,,,,,,,,,,,,,,,,,,,,,,,,,,,,,,,,,,,,,,,,,,,,,,,
turn_on,2016-07-22T04:55:54.661Z,can  be turned on,2016-07-22T04:55:54.661Z,can i have some,2016-07-22T04:55:54.661Z,can you turn on the,2016-07-22T04:55:54.661Z,find me a good station,2016-07-22T04:55:54.661Z,i want the on,2016-07-22T04:55:54.661Z,I want to listen to,2016-07-22T04:55:54.661Z,i want to turn on,2016-07-22T04:55:54.661Z,music,2016-07-22T04:55:54.661Z,on,2016-07-22T04:55:54.661Z,on now,2016-07-22T04:55:54.661Z,play,2016-07-22T04:55:54.661Z,play me some,2016-07-22T04:55:54.661Z,power on,2016-07-22T04:55:54.661Z,power on the,2016-07-22T04:55:54.661Z,start,2016-07-22T04:55:54.661Z,start up,2016-07-22T04:55:54.661Z,switch on,2016-07-22T04:55:54.661Z,switch on the,2016-07-22T04:55:54.661Z,turn my on,2016-07-22T04:55:54.661Z,,turn my on for me,2016-07-22T04:55:54.661Z,turn on,2016-07-22T04:55:54.661Z,turn on my,2016-07-22T04:55:54.661Z,Turn on the,2016-07-22T04:55:54.661Z,turn on the light,2016-07-22T04:55:54.661Z,turn on the please,2016-07-22T04:55:54.661Z,turn the on,2016-07-22T04:55:54.661Z,watson please turn my on,2016-07-22T04:55:54.661Z,,,,,,,,,,,,,,,,,,,,,,,,,,,,,,,,,,,,,,,,,,,,,,,,,,,,,,,,,,,,,,,,,,,,,,,,,,,,,,,,,,,,,,,,,,,,,,,,,,,,,,,,,,,,,,,,,,,,,,,,,,,,,,,,,,,,,,,,,,,,,,,,,,,,,,,,,,,,,,,,,,,,,,,,,,,,,,,,,,,,,,,,,,,,,,,,,,,,,,,,,,
turn_up,2016-07-22T04:55:54.661Z,amplify the,2016-07-22T04:55:54.661Z,boost,2016-07-22T04:55:54.661Z,can you increase the,2016-07-22T04:55:54.661Z,can you turn my up,2016-07-22T04:55:54.661Z,can you turn the up,2016-07-22T04:55:54.661Z,enhance the,2016-07-22T04:55:54.661Z,increase the,2016-07-22T04:55:54.661Z,increase the for me,2016-07-22T04:55:54.661Z,intensify,2016-07-22T04:55:54.661Z,I want more,2016-07-22T04:55:54.661Z,magnify the,2016-07-22T04:55:54.661Z,play the louder,2016-07-22T04:55:54.661Z,please turn my up,2016-07-22T04:55:54.661Z,please turn the up,2016-07-22T04:55:54.661Z,please turn up the,2016-07-22T04:55:54.661Z,set to high,2016-07-22T04:55:54.661Z,step up the,2016-07-22T04:55:54.661Z,turn on high,2016-07-28T21:10:50.569Z,turn the up,2016-07-22T04:55:54.661Z,,turn the up now,2016-07-22T04:55:54.661Z,turn up the,2016-07-22T04:55:54.661Z,turn up this,2016-07-22T04:55:54.661Z,,,,,,,,,,,,,,,,,,,,,,,,,,,,,,,,,,,,,,,,,,,,,,,,,,,,,,,,,,,,,,,,,,,,,,,,,,,,,,,,,,,,,,,,,,,,,,,,,,,,,,,,,,,,,,,,,,,,,,,,,,,,,,,,,,,,,,,,,,,,,,,,,,,,,,,,,,,,,,,,,,,,,,,,,,,,,,,,,,,,,,,,,,,,,,,,,,,,,,,,,,,,,,,,,,,,
weather,2016-07-22T04:55:54.661Z,check the weather,2016-07-22T04:55:54.661Z,check the wheather,2016-07-22T04:55:54.661Z,check weather,2016-07-22T04:55:54.661Z,Does the weather get worse,2016-07-22T04:55:54.661Z,do I need a jacket,2016-07-22T04:55:54.661Z,how cold,2016-07-22T04:55:54.661Z,how cold is it out,2016-07-22T04:55:54.661Z,how cold is it outside,2016-07-22T04:55:54.661Z,how hot,2016-07-22T04:55:54.661Z,how hot is it outside,2016-07-22T04:55:54.661Z,how long will it rain,2016-07-22T04:55:54.661Z,how warm is it,2016-07-22T04:55:54.661Z,is it dark outside,2016-07-22T04:55:54.661Z,is it raining,2016-07-22T04:55:54.661Z,It's cold here,2016-07-22T04:55:54.661Z,it's hot,2016-07-22T04:55:54.661Z,tell me the weather,2016-07-22T04:55:54.661Z,what is the weather like,2016-07-22T04:55:54.661Z,what's the weather,2016-07-22T04:55:54.661Z,,whats the weather like right now,2016-07-22T04:55:54.661Z,whats the weather outside,2016-07-22T04:55:54.661Z,When will the rain stop,2016-07-22T04:55:54.661Z,when will the sun come out,2016-07-22T04:55:54.661Z,,,,,,,,,,,,,,,,,,,,,,,,,,,,,,,,,,,,,,,,,,,,,,,,,,,,,,,,,,,,,,,,,,,,,,,,,,,,,,,,,,,,,,,,,,,,,,,,,,,,,,,,,,,,,,,,,,,,,,,,,,,,,,,,,,,,,,,,,,,,,,,,,,,,,,,,,,,,,,,,,,,,,,,,,,,,,,,,,,,,,,,,,,,,,,,,,,,,,,,,,,,,,,,,,,
